{
  "episode": 2000,
  "performance": 0.00018989378680858002,
  "avg_reward": -0.002375,
  "timestamp": 1757331094.3286731,
  "centralized_training": true,
  "model_type": "shared"
}